year,private_pipeline,public_pipeline,total_pipeline,private_pct_of_total
FY24,277214.27,29591.92,306806.19,90.35484909870952
FY25,176520244.40999943,20737782.619999997,197258027.02999943,89.48697655946536
FY26,474932367.3500029,72328916.73999982,547261284.0900027,86.78347640464466
